Workbook

Sheet Rentabilidades
A1: Matriz de rentabilidad | B1: Activo
B2: España | L2: Francia | V2: Mexico | AF2: Alemania | AP2: Brasil | AZ2: EE.UU. | BJ2: Chile
A3: Rentabilidad | B3: Amadeus | C3: BBVA | D3: Banco Santander | E3: Ferrovial | F3: Grifols | G3: Iberdrola | H3: Inditex | I3: Indra Sistemas | J3: Repsol | K3: Telefónica | L3: AXA | M3: Airbus | N3: BNP Paribas | O3: Danone | P3: Dassault Aviation | Q3: L'Oréal | R3: LVMH | S3: Sanofi | T3: Schneider Electric | U3: TotalEnergies | V3: Alfa | W3: América Móvil | X3: Banorte | Y3: Cemex | Z3: FEMSA | AA3: GAP | AB3: Grupo Bimbo | AC3: Grupo México | AD3: Televisa | AE3: Walmart de México | AF3: Adidas | AG3: Allianz | AH3: BASF | AI3: BMW | AJ3: Deutsche Telekom | AK3: Infineon | AL3: Rheinmetall AG | AM3: SAP | AN3: Siemens | AO3: Volkswagen | AP3: Ambev | AQ3: Bradesco | AR3: Eletrobras | AS3: Itaú Unibanco | AT3: Magazine Luiza | AU3: PendienteSuzano | AV3: Petrobras | AW3: TOTVS | AX3: Vale | AY3: WEG S.A. | AZ3: Alphabet | BA3: Amazon | BB3: Apple | BC3: Berkshire Hathaway | BD3: Johnson & Johnson | BE3: Lockheed Martin | BF3: Microsoft | BG3: NVIDIA | BH3: Tesla | BI3: UnitedHealth | BJ3: Aguas Andinas | BK3: Banco de Chile | BL3: Cencosud | BM3: Colbún | BN3: Enel Chile | BO3: Entel | BP3: Falabella | BQ3: LATAM Airlines | BR3: Parque Arauco | BS3: SQM
A4: 45658 | B4: 0.040235339 | C4: 0.1562041 | D4: 0.10605475 | E4: 0.020362106 | F4: -0.097761836 | G4: 0.025242653 | H4: 0.060198004 | I4: 0.082561564 | J4: -0.036589388 | K4: 0.035023759 | L4: 0.065685223 | M4: 0.076707283 | N4: 0.10414397 | O4: 0.035599528 | P4: 0.099358815 | Q4: 0.047556635 | R4: 0.11098191 | S4: 0.10770477 | T4: 0.018303862 | U4: 0.055043095 | V4: 0.11667349 | W4: -0.021187246 | X4: 0.093777188 | Y4: 0.044266078 | Z4: -0.0090340871 | AA4: 0.044022773 | AB4: -0.019152395 | AC4: 0.018660493 | AD4: 0.128817 | AE4: -0.016535404 | AF4: 0.073655368 | AG4: 0.060644582 | AH4: 0.093252632 | AI4: -0.0048230491 | AJ4: 0.10966306 | AK4: 0.020645305 | AL4: 0.20108266 | AM4: 0.12774872 | AN4: 0.089973678 | AO4: 0.10666798 | AP4: -0.0024048993 | AQ4: 0.04636414 | AR4: 0.080804472 | AS4: 0.096058851 | AT4: 0.13775325 | AU4: 0.097183404 | AV4: 0.079591707 | AW4: 0.24977377 | AX4: 0.0018953438 | AY4: 0.043554582 | AZ4: 0.076030408 | BA4: 0.080074235 | BB4: -0.059307644 | BC4: 0.033388891 | BD4: 0.050757272 | BE4: -0.042213226 | BF4: -0.015396711 | BG4: -0.11185784 | BH4: 0.001880189 | BI4: 0.073737868 | BJ4: 0.045684983 | BK4: 0.072413222 | BL4: 0.12783336 | BM4: 0.071476407 | BN4: 0.013817136 | BO4: 0.065225556 | BP4: 0.056684159 | BQ4: 0.079089836 | BR4: 0.058604897 | BS4: 0.057082515
A5: 45689 | B5: 0.031402621 | C5: 0.14896594 | D5: 0.22587947 | E5: 0.033724415 | F5: 0.24696559 | G5: 0.022472791 | H5: -0.013751165 | I5: 0.12214607 | J5: 0.12848465 | K5: 0.088936714 | L5: 0.021326095 | M5: -0.008533179 | N5: 0.10313646 | O5: 0.020244097 | P5: 0.12337897 | Q5: -0.01546066 | R5: -0.012299914 | S5: -0.00038323811 | T5: -0.047578407 | U5: 0.039263845 | V5: 0.036621415 | W5: 0.015581003 | X5: 0.010236783 | Y5: 0.035316715 | Z5: 0.091223255 | AA5: 0.0081254856 | AB5: 0.018791061 | AC5: -0.044991259 | AD5: 0.025127025 | AE5: 0.013067253 | AF5: -0.034727086 | AG5: 0.049335211 | AH5: 0.054281714 | AI5: 0.06525391 | AJ5: 0.071565565 | AK5: 0.10236107 | AL5: 0.28698682 | AM5: -0.011989699 | AN5: 0.064176966 | AO5: 0.053875108 | AP5: 0.096128885 | AQ5: -0.045474549 | AR5: 0.057343127 | AS5: -0.056897516 | AT5: -0.042443089 | AU5: -0.11674196 | AV5: -0.047822146 | AW5: 0.026080768 | AX5: 0.01792956 | AY5: -0.12814729 | AZ5: -0.18077397 | BA5: -0.11301905 | BB5: 0.024444468 | BC5: 0.09199358 | BD5: 0.081199801 | BE5: -0.02754966 | BF5: -0.044511999 | BG5: 0.039598581 | BH5: -0.32279456 | BI5: -0.1329391 | BJ5: 0.029166446 | BK5: 0.022454609 | BL5: 0.01192857 | BM5: 0.044379335 | BN5: 0.10040656 | BO5: -0.018203291 | BP5: 0.017028099 | BQ5: 0.03569451 | BR5: 0.026590156 | BS5: -0.053237458
A6: 45717 | B6: -0.031003757 | C6: -0.022074242 | D6: -0.0041874644 | E6: -0.039052574 | F6: -0.25884879 | G6: 0.068562679 | H6: -0.1258686 | I6: 0.24279651 | J6: -0.0008126964 | K6: 0.012247403 | L6: 0.05102632 | M6: -0.017779257 | N6: 0.054096194 | O6: 0.028348301 | P6: 0.2133556 | Q6: -0.029174967 | R6: -0.19515363 | S6: -0.023658294 | T6: -0.10443475 | U6: 0.032019102 | V6: -0.33699792 | W6: -0.00070293678 | X6: -0.022547969 | Y6: -0.098548901 | Z6: 0.030691701 | AA6: -0.019618618 | AB6: 0.0028875776 | AC6: 0.066506689 | AD6: -0.13246857 | AE6: 0.033797952 | AF6: -0.1276303 | AG6: 0.063913904 | AH6: -0.069740599 | AI6: -0.12989422 | AJ6: -0.015369272 | AK6: -0.14644161 | AL6: 0.27039486 | AM6: -0.082055013 | AN6: -0.019825249 | AO6: -0.10674905 | AP6: 0.099615595 | AQ6: 0.12133148 | AR6: 0.065078061 | AS6: 0.079099451 | AT6: 0.35036128 | AU6: -0.033865639 | AV6: 0.033660297 | AW6: -0.046547237 | AX6: 0.027717504 | AY6: -0.067047479 | AZ6: -0.096344219 | BA6: -0.10951462 | BB6: -0.083914619 | BC6: 0.035840648 | BD6: 0.012929518 | BE6: -0.0081598455 | BF6: -0.053942418 | BG6: -0.14202993 | BH6: -0.12265874 | BI6: 0.097783867 | BJ6: 0.079711677 | BK6: 0.0096077473 | BL6: 0.13649148 | BM6: -0.03307978 | BN6: -0.016046124 | BO6: -0.0446908 | BP6: 0.051825033 | BQ6: -0.034349445 | BR6: 0.088339811 | BS6: 0.028415805
A7: 45748 | B7: -0.018900902 | C7: -0.039427924 | D7: -0.0022620847 | E7: 0.040452778 | F7: 0.011642106 | G7: 0.061962469 | H7: 0.029865897 | I7: 0.047506234 | J7: -0.12912761 | K7: 0.036974462 | L7: 0.053612867 | M7: -0.1010151 | N7: -0.034659653 | O7: 0.0697832 | P7: 0.038590013 | Q7: 0.12113161 | R7: -0.15850387 | S7: -0.06088223 | T7: -0.031572743 | U7: -0.14030358 | V7: 0.12900722 | W7: 0.19258281 | X7: 0.1684661 | Y7: 0.05420466 | Z7: 0.034639326 | AA7: 0.049866617 | AB7: 0.072626479 | AC7: -0.004705844 | AD7: 0.01126773 | AE7: 0.093750177 | AF7: -0.071732432 | AG7: 0.033513401 | AH7: -0.027949925 | AI7: 0.0083795952 | AJ7: -0.079653143 | AK7: -0.050782643 | AL7: 0.12792439 | AM7: 0.043633134 | AN7: -0.04809431 | AO7: 0.019894888 | AP7: 0.085673819 | AQ7: 0.082035768 | AR7: 0.074615673 | AS7: 0.12521018 | AT7: -0.085310991 | AU7: -0.047391823 | AV7: -0.21436898 | AW7: 0.12405644 | AX7: -0.03184057 | AY7: -0.0062769023 | AZ7: 0.027696729 | BA7: -0.031175774 | BB7: -0.044320796 | BC7: 0.0012572042 | BD7: -0.059182226 | BE7: 0.074532299 | BF7: 0.051578287 | BG7: 0.0050620461 | BH7: 0.085028653 | BI7: -0.23708668 | BJ7: 0.022193514 | BK7: 0.17875412 | BL7: 0.11086256 | BM7: 0.10304323 | BN7: 0.070486571 | BO7: -0.06019512 | BP7: 0.08227805 | BQ7: 0.0046932129 | BR7: 0.14274801 | BS7: -0.14799681

Sheet Pesos
A2: Matriz de pesos
C3: España | M3: Francia | W3: Mexico | AG3: Alemania | AQ3: Brasil | BA3: EE.UU. | BK3: Chile
C4: Amadeus | D4: BBVA | E4: Banco Santander | F4: Ferrovial | G4: Grifols | H4: Iberdrola | I4: Inditex | J4: Indra Sistemas | K4: Repsol | L4: Telefónica | M4: AXA | N4: Airbus | O4: BNP Paribas | P4: Danone | Q4: Dassault Aviation | R4: L'Oréal | S4: LVMH | T4: Sanofi | U4: Schneider Electric | V4: TotalEnergies | W4: Alfa | X4: América Móvil | Y4: Banorte | Z4: Cemex | AA4: FEMSA | AB4: GAP | AC4: Grupo Bimbo | AD4: Grupo México | AE4: Televisa | AF4: Walmart de México | AG4: Adidas | AH4: Allianz | AI4: BASF | AJ4: BMW | AK4: Deutsche Telekom | AL4: Infineon | AM4: Rheinmetall AG | AN4: SAP | AO4: Siemens | AP4: Volkswagen | AQ4: Ambev | AR4: Bradesco | AS4: Eletrobras | AT4: Itaú Unibanco | AU4: Magazine Luiza | AV4: PendienteSuzano | AW4: Petrobras | AX4: TOTVS | AY4: Vale | AZ4: WEG S.A. | BA4: Alphabet | BB4: Amazon | BC4: Apple | BD4: Berkshire Hathaway | BE4: Johnson & Johnson | BF4: Lockheed Martin | BG4: Microsoft | BH4: NVIDIA | BI4: Tesla | BJ4: UnitedHealth | BK4: Aguas Andinas | BL4: Banco de Chile | BM4: Cencosud | BN4: Colbún | BO4: Enel Chile | BP4: Entel | BQ4: Falabella | BR4: LATAM Airlines | BS4: Parque Arauco | BT4: SQM
A5: P2 | B5: Min_Varianza | C5: 0.01 | D5: 0.01 | E5: 0.01 | F5: 0.01 | G5: 0.01 | H5: 0.0209 | I5: 0.01 | J5: 0.01 | K5: 0.01 | L5: 0.01 | M5: 0.01 | N5: 0.01 | O5: 0.01 | P5: 0.0221 | Q5: 0.01 | R5: 0.01 | S5: 0.01 | T5: 0.0114 | U5: 0.01 | V5: 0.01 | W5: 0.01 | X5: 0.01 | Y5: 0.01 | Z5: 0.01 | AA5: 0.01 | AB5: 0.01 | AC5: 0.0484 | AD5: 0.01 | AE5: 0.01 | AF5: 0.0805 | AG5: 0.01 | AH5: 0.01 | AI5: 0.01 | AJ5: 0.01 | AK5: 0.01 | AL5: 0.01 | AM5: 0.01 | AN5: 0.01 | AO5: 0.01 | AP5: 0.01 | AQ5: 0.01 | AR5: 0.01 | AS5: 0.01 | AT5: 0.01 | AU5: 0.01 | AV5: 0.01 | AW5: 0.01 | AX5: 0.01 | AY5: 0.01 | AZ5: 0.01 | BA5: 0.01 | BB5: 0.01 | BC5: 0.01 | BD5: 0.01 | BE5: 0.01 | BF5: 0.01 | BG5: 0.01 | BH5: 0.01 | BI5: 0.01 | BJ5: 0.0868 | BK5: 0.01 | BL5: 0.1 | BM5: 0.01 | BN5: 0.01 | BO5: 0.01 | BP5: 0.01 | BQ5: 0.01 | BR5: 0.01 | BS5: 0.01 | BT5: 0.01
B6: Max_Sharpe | C6: 0.01 | D6: 0.01 | E6: 0.01 | F6: 0.01 | G6: 0.01 | H6: 0.01 | I6: 0.01 | J6: 0.01 | K6: 0.01 | L6: 0.01 | M6: 0.01 | N6: 0.01 | O6: 0.01 | P6: 0.01 | Q6: 0.01 | R6: 0.01 | S6: 0.01 | T6: 0.01 | U6: 0.01 | V6: 0.01 | W6: 0.01 | X6: 0.01 | Y6: 0.01 | Z6: 0.01 | AA6: 0.01 | AB6: 0.01 | AC6: 0.01 | AD6: 0.01 | AE6: 0.01 | AF6: 0.01 | AG6: 0.01 | AH6: 0.01 | AI6: 0.01 | AJ6: 0.01 | AK6: 0.01 | AL6: 0.01 | AM6: 0.0736 | AN6: 0.01 | AO6: 0.01 | AP6: 0.01 | AQ6: 0.01 | AR6: 0.01 | AS6: 0.01 | AT6: 0.01 | AU6: 0.01 | AV6: 0.01 | AW6: 0.01 | AX6: 0.01 | AY6: 0.01 | AZ6: 0.1 | BA6: 0.01 | BB6: 0.01 | BC6: 0.01 | BD6: 0.01 | BE6: 0.01 | BF6: 0.01 | BG6: 0.0463 | BH6: 0.1 | BI6: 0.0301 | BJ6: 0.01 | BK6: 0.01 | BL6: 0.01 | BM6: 0.01 | BN6: 0.01 | BO6: 0.01 | BP6: 0.01 | BQ6: 0.01 | BR6: 0.01 | BS6: 0.01 | BT6: 0.01
A7: P4 Conservador | B7: Min_Varianza | C7: 0.01 | D7: 0 | E7: 0 | F7: 0.01 | G7: 0 | H7: 0.0914 | I7: 0.01 | J7: 0 | K7: 0 | L7: 0.01 | M7: 0.01 | N7: 0 | O7: 0 | P7: 0.0585 | Q7: 0.01 | R7: 0.01 | S7: 0.01 | T7: 0.0294 | U7: 0.01 | V7: 0.01 | W7: 0 | X7: 0.01 | Y7: 0 | Z7: 0 | AA7: 0.01 | AB7: 0 | AC7: 0.0811 | AD7: 0 | AE7: 0 | AF7: 0.1 | AG7: 0.01 | AH7: 0.01 | AI7: 0.01 | AJ7: 0.01 | AK7: 0.0377 | AL7: 0 | AM7: 0 | AN7: 0.01 | AO7: 0.01 | AP7: 0 | AQ7: 0.01 | AR7: 0 | AS7: 0 | AT7: 0 | AU7: 0 | AV7: 0 | AW7: 0 | AX7: 0 | AY7: 0 | AZ7: 0 | BA7: 0.0564 | BB7: 0 | BC7: 0.01 | BD7: 0.01 | BE7: 0.0703 | BF7: 0.01 | BG7: 0.0145 | BH7: 0 | BI7: 0 | BJ7: 0.1 | BK7: 0.01 | BL7: 0.1 | BM7: 0 | BN7: 0 | BO7: 0.0307 | BP7: 0 | BQ7: 0 | BR7: 0 | BS7: 0 | BT7: 0
B8: Max_Sharpe | C8: 0.01 | D8: =+IF(D7=0,0,"") -> 0 | E8: =+IF(E7=0,0,"") -> 0 | F8: 0.01 | G8: =+IF(G7=0,0,"") -> 0 | H8: 0.1 | I8: 0.01 | J8: =+IF(J7=0,0,"") -> 0 | K8: =+IF(K7=0,0,"") -> 0 | L8: 0.01 | M8: 0.01 | N8: =+IF(N7=0,0,"") -> 0 | O8: =+IF(O7=0,0,"") -> 0 | P8: 0.01 | Q8: 0.01 | R8: 0.01 | S8: 0.03 | T8: 0.01 | U8: 0.1 | V8: 0.01 | W8: =+IF(W7=0,0,"") -> 0 | X8: 0.01 | Y8: =+IF(Y7=0,0,"") -> 0 | Z8: =+IF(Z7=0,0,"") -> 0 | AA8: 0.01 | AB8: =+IF(AB7=0,0,"") -> 0 | AC8: 0.01 | AD8: =+IF(AD7=0,0,"") -> 0 | AE8: =+IF(AE7=0,0,"") -> 0 | AF8: 0.01 | AG8: 0.01 | AH8: 0.01 | AI8: 0.01 | AJ8: 0.01 | AK8: 0.01 | AL8: =+IF(AL7=0,0,"") -> 0 | AM8: =+IF(AM7=0,0,"") -> 0 | AN8: 0.01 | AO8: 0.01 | AP8: =+IF(AP7=0,0,"") -> 0 | AQ8: 0.01 | AR8: =+IF(AR7=0,0,"") -> 0 | AS8: =+IF(AS7=0,0,"") -> 0 | AT8: =+IF(AT7=0,0,"") -> 0 | AU8: =+IF(AU7=0,0,"") -> 0 | AV8: =+IF(AV7=0,0,"") -> 0 | AW8: =+IF(AW7=0,0,"") -> 0 | AX8: =+IF(AX7=0,0,"") -> 0 | AY8: =+IF(AY7=0,0,"") -> 0 | AZ8: =+IF(AZ7=0,0,"") -> 0 | BA8: 0.1 | BB8: =+IF(BB7=0,0,"") -> 0 | BC8: 0.1 | BD8: 0.01 | BE8: 0.01 | BF8: 0.01 | BG8: 0.1 | BH8: =+IF(BH7=0,0,"") -> 0 | BI8: =+IF(BI7=0,0,"") -> 0 | BJ8: 0.1 | BK8: 0.01 | BL8: 0.1 | BM8: =+IF(BM7=0,0,"") -> 0 | BN8: =+IF(BN7=0,0,"") -> 0 | BO8: 0.01 | BP8: =+IF(BP7=0,0,"") -> 0 | BQ8: =+IF(BQ7=0,0,"") -> 0 | BR8: =+IF(BR7=0,0,"") -> 0 | BS8: =+IF(BS7=0,0,"") -> 0 | BT8: =+IF(BT7=0,0,"") -> 0
A9: P4 Agresivo | B9: Min_Varianza | C9: =+IF(C7>0,0,"") -> 0 | D9: 0.01 | E9: 0.01 | F9: =+IF(F7>0,0,"") -> 0 | G9: 0.1 | H9: =+IF(H7>0,0,"") -> 0 | I9: =+IF(I7>0,0,"") -> 0 | J9: 0.0854 | K9: 0.0997 | L9: =+IF(L7>0,0,"") -> 0 | M9: =+IF(M7>0,0,"") -> 0 | N9: 0.01 | O9: 0.01 | P9: =+IF(P7>0,0,"") -> 0 | Q9: =+IF(Q7>0,0,"") -> 0 | R9: =+IF(R7>0,0,"") -> 0 | S9: =+IF(S7>0,0,"") -> 0 | T9: =+IF(T7>0,0,"") -> 0 | U9: =+IF(U7>0,0,"") -> 0 | V9: =+IF(V7>0,0,"") -> 0 | W9: 0.01 | X9: =+IF(X7>0,0,"") -> 0 | Y9: 0.01 | Z9: 0.01 | AA9: =+IF(AA7>0,0,"") -> 0 | AB9: 0.01 | AC9: =+IF(AC7>0,0,"") -> 0 | AD9: 0.01 | AE9: 0.01 | AF9: =+IF(AF7>0,0,"") -> 0 | AG9: =+IF(AG7>0,0,"") -> 0 | AH9: =+IF(AH7>0,0,"") -> 0 | AI9: =+IF(AI7>0,0,"") -> 0 | AJ9: =+IF(AJ7>0,0,"") -> 0 | AK9: =+IF(AK7>0,0,"") -> 0 | AL9: 0.01 | AM9: 0.0281 | AN9: =+IF(AN7>0,0,"") -> 0 | AO9: =+IF(AO7>0,0,"") -> 0 | AP9: 0.01 | AQ9: =+IF(AQ7>0,0,"") -> 0 | AR9: 0.01 | AS9: 0.0295 | AT9: 0.01 | AU9: 0.01 | AV9: 0.01 | AW9: 0.01 | AX9: 0.01 | AY9: 0.1 | AZ9: 0.1 | BA9: =+IF(BA7>0,0,"") -> 0 | BB9: 0.1 | BC9: =+IF(BC7>0,0,"") -> 0 | BD9: =+IF(BD7>0,0,"") -> 0 | BE9: =+IF(BE7>0,0,"") -> 0 | BF9: =+IF(BF7>0,0,"") -> 0 | BG9: =+IF(BG7>0,0,"") -> 0 | BH9: 0.01 | BI9: 0.01 | BJ9: =+IF(BJ7>0,0,"") -> 0 | BK9: =+IF(BK7>0,0,"") -> 0 | BL9: =+IF(BL7>0,0,"") -> 0 | BM9: 0.0156 | BN9: 0.032 | BO9: =+IF(BO7>0,0,"") -> 0 | BP9: 0.0698 | BQ9: 0.01 | BR9: 0.01 | BS9: 0.01 | BT9: 0.01
B10: Max_Sharpe | C10: =+IF(C9=0,0,"") -> 0 | D10: 0.01 | E10: 0.01 | F10: =+IF(F9=0,0,"") -> 0 | G10: 0.01 | H10: =+IF(H9=0,0,"") -> 0 | I10: =+IF(I9=0,0,"") -> 0 | J10: 0.01 | K10: 0.01 | L10: =+IF(L9=0,0,"") -> 0 | M10: =+IF(M9=0,0,"") -> 0 | N10: 0.01 | O10: 0.01 | P10: =+IF(P9=0,0,"") -> 0 | Q10: =+IF(Q9=0,0,"") -> 0 | R10: =+IF(R9=0,0,"") -> 0 | S10: =+IF(S9=0,0,"") -> 0 | T10: =+IF(T9=0,0,"") -> 0 | U10: =+IF(U9=0,0,"") -> 0 | V10: =+IF(V9=0,0,"") -> 0 | W10: 0.01 | X10: =+IF(X9=0,0,"") -> 0 | Y10: 0.01 | Z10: 0.01 | AA10: =+IF(AA9=0,0,"") -> 0 | AB10: 0.03 | AC10: =+IF(AC9=0,0,"") -> 0 | AD10: 0.01 | AE10: 0.01 | AF10: =+IF(AF9=0,0,"") -> 0 | AG10: =+IF(AG9=0,0,"") -> 0 | AH10: =+IF(AH9=0,0,"") -> 0 | AI10: =+IF(AI9=0,0,"") -> 0 | AJ10: =+IF(AJ9=0,0,"") -> 0 | AK10: =+IF(AK9=0,0,"") -> 0 | AL10: 0.01 | AM10: 0.1 | AN10: =+IF(AN9=0,0,"") -> 0 | AO10: =+IF(AO9=0,0,"") -> 0 | AP10: 0.01 | AQ10: =+IF(AQ9=0,0,"") -> 0 | AR10: 0.01 | AS10: 0.01 | AT10: 0.01 | AU10: 0.01 | AV10: 0.01 | AW10: 0.1 | AX10: 0.01 | AY10: 0.1 | AZ10: 0.1 | BA10: =+IF(BA9=0,0,"") -> 0 | BB10: 0.1 | BC10: =+IF(BC9=0,0,"") -> 0 | BD10: =+IF(BD9=0,0,"") -> 0 | BE10: =+IF(BE9=0,0,"") -> 0 | BF10: =+IF(BF9=0,0,"") -> 0 | BG10: =+IF(BG9=0,0,"") -> 0 | BH10: 0.1 | BI10: 0.1 | BJ10: =+IF(BJ9=0,0,"") -> 0 | BK10: =+IF(BK9=0,0,"") -> 0 | BL10: =+IF(BL9=0,0,"") -> 0 | BM10: 0.01 | BN10: 0.01 | BO10: =+IF(BO9=0,0,"") -> 0 | BP10: 0.01 | BQ10: 0.01 | BR10: 0.01 | BS10: 0.01 | BT10: 0.01
A11: P5 | B11: Portafolio | C11: 0.01 | D11: 0.01 | E11: 0.01 | F11: 0.01 | G11: 0.01 | H11: 0.01 | I11: 0.01 | J11: 0.01 | K11: 0.01 | L11: 0.01 | M11: 0.01 | N11: 0.1 | O11: 0.1 | P11: 0.01 | Q11: 0.01 | R11: 0.01 | S11: 0.01 | T11: 0.01 | U11: 0.01 | V11: 0.01 | W11: 0.01 | X11: 0.01 | Y11: 0.01 | Z11: 0.01 | AA11: 0.01 | AB11: 0.01 | AC11: 0.01 | AD11: 0.01 | AE11: 0.043217467 | AF11: 0.01 | AG11: 0.01 | AH11: 0.01 | AI11: 0.01 | AJ11: 0.01 | AK11: 0.01 | AL11: 0.054405032 | AM11: 0.01 | AN11: 0.01 | AO11: 0.01 | AP11: 0.01 | AQ11: 0.01 | AR11: 0.01 | AS11: 0.01 | AT11: 0.01 | AU11: 0.021862131 | AV11: 0.01 | AW11: 0.01 | AX11: 0.01 | AY11: 0.01 | AZ11: 0.01 | BA11: 0.01 | BB11: 0.01 | BC11: 0.01 | BD11: 0.01 | BE11: 0.01 | BF11: 0.01 | BG11: 0.01 | BH11: 0.01 | BI11: 0.028620736 | BJ11: 0.01 | BK11: 0.01 | BL11: 0.01 | BM11: 0.01 | BN11: 0.01 | BO11: 0.01 | BP11: 0.01 | BQ11: 0.01 | BR11: 0.021894635 | BS11: 0.01 | BT11: 0.01

Sheet Resultados por portafolio
A1: Matriz resultados
B2: P2 | D2: P4 Conservador | F2: P4 Agresivo | H2: P5
B3: Min_Varianza | C3: Max_Sharpe | D3: Min_Varianza | E3: Max_Sharpe | F3: Min_Varianza | G3: Max_Sharpe | H3: Portafolio
A4: 45658 | B4: =+SUMPRODUCT(Rentabilidades!B4:BS4,Pesos!$C$5:$BT$5) -> 0.050505897 | C4: =+SUMPRODUCT(Rentabilidades!B4:BS4,Pesos!$C$6:$BT$6) -> 0.045490606 | D4: =+SUMPRODUCT(Rentabilidades!B4:BS4,Pesos!$C$7:$BT$7) -> 0.040537437 | E4: =+SUMPRODUCT(Rentabilidades!B4:BS4,Pesos!$C$8:$BT$8) -> 0.033931856 | F4: =+SUMPRODUCT(Rentabilidades!B4:BS4,Pesos!$C$9:$BT$9) -> 0.041695865 | G4: =+SUMPRODUCT(Rentabilidades!B4:BS4,Pesos!$C$10:$BT$10) -> 0.052390397 | H4: =+SUMPRODUCT(Rentabilidades!B4:BS4,Pesos!$C$11:$BT$11) -> 0.063452296
A5: 45689 | B5: =+SUMPRODUCT(Rentabilidades!B5:BS5,Pesos!$C$5:$BT$5) -> 0.0095468899 | C5: =+SUMPRODUCT(Rentabilidades!B5:BS5,Pesos!$C$6:$BT$6) -> 0.017782531 | D5: =+SUMPRODUCT(Rentabilidades!B5:BS5,Pesos!$C$7:$BT$7) -> 0.0032196454 | E5: =+SUMPRODUCT(Rentabilidades!B5:BS5,Pesos!$C$8:$BT$8) -> -0.023046294 | F5: =+SUMPRODUCT(Rentabilidades!B5:BS5,Pesos!$C$9:$BT$9) -> 0.037262681 | G5: =+SUMPRODUCT(Rentabilidades!B5:BS5,Pesos!$C$10:$BT$10) -> -0.015766658 | H5: =+SUMPRODUCT(Rentabilidades!B5:BS5,Pesos!$C$11:$BT$11) -> 0.023408243
A6: 45717 | B6: =+SUMPRODUCT(Rentabilidades!B6:BS6,Pesos!$C$5:$BT$5) -> 0.0062816019 | C6: =+SUMPRODUCT(Rentabilidades!B6:BS6,Pesos!$C$6:$BT$6) -> -0.011687165 | D6: =+SUMPRODUCT(Rentabilidades!B6:BS6,Pesos!$C$7:$BT$7) -> 0.010921627 | E6: =+SUMPRODUCT(Rentabilidades!B6:BS6,Pesos!$C$8:$BT$8) -> -0.022340745 | F6: =+SUMPRODUCT(Rentabilidades!B6:BS6,Pesos!$C$9:$BT$9) -> -0.016778633 | G6: =+SUMPRODUCT(Rentabilidades!B6:BS6,Pesos!$C$10:$BT$10) -> -0.012092845 | H6: =+SUMPRODUCT(Rentabilidades!B6:BS6,Pesos!$C$11:$BT$11) -> -0.01181479
A7: 45748 | B7: =+SUMPRODUCT(Rentabilidades!B7:BS7,Pesos!$C$5:$BT$5) -> 0.01909603 | C7: =+SUMPRODUCT(Rentabilidades!B7:BS7,Pesos!$C$6:$BT$6) -> 0.021991661 | D7: =+SUMPRODUCT(Rentabilidades!B7:BS7,Pesos!$C$7:$BT$7) -> 0.017454545 | E7: =+SUMPRODUCT(Rentabilidades!B7:BS7,Pesos!$C$8:$BT$8) -> 0.002115827 | F7: =+SUMPRODUCT(Rentabilidades!B7:BS7,Pesos!$C$9:$BT$9) -> -0.0044020694 | G7: =+SUMPRODUCT(Rentabilidades!B7:BS7,Pesos!$C$10:$BT$10) -> 0.00081784975 | H7: =+SUMPRODUCT(Rentabilidades!B7:BS7,Pesos!$C$11:$BT$11) -> -0.0030806584
A8: Rentabilidad Geometrica | B8: =+(((1+B4)*(1+B5)*(1+B6)*(1+B7))^(1/4))-1 -> 0.021209645 | C8: =+(((1+C4)*(1+C5)*(1+C6)*(1+C7))^(1/4))-1 -> 0.018190941 | D8: =+(((1+D4)*(1+D5)*(1+D6)*(1+D7))^(1/4))-1 -> 0.017938547 | E8: =+(((1+E4)*(1+E5)*(1+E6)*(1+E7))^(1/4))-1 -> -0.0026035121 | F8: =+(((1+F4)*(1+F5)*(1+F6)*(1+F7))^(1/4))-1 -> 0.014124434 | G8: =+(((1+G4)*(1+G5)*(1+G6)*(1+G7))^(1/4))-1 -> 0.0059734777 | H8: =+(((1+H4)*(1+H5)*(1+H6)*(1+H7))^(1/4))-1 -> 0.017574755
